voter_id,name
VOTER100000,Rahul Verma
VOTER100001,Anil Pillai
VOTER100002,Deepak Reddy
VOTER100003,Deepak Gupta
VOTER100004,Vishal Verma
VOTER100005,Naveen Patel
VOTER100006,Anil Reddy
VOTER100007,Ravi Pillai
VOTER100008,Ajay Mehta
VOTER100009,Naveen Das
VOTER100010,Harish Verma
VOTER100011,Ravi Iyer
VOTER100012,Manoj Singh
VOTER100013,Deepak Patel
VOTER100014,Harish Sharma
VOTER100015,Manoj Nair
VOTER100016,Ramesh Mehta
VOTER100017,Karthik Gupta
VOTER100018,Karthik Gupta
VOTER100019,Vikram Verma
VOTER100020,Vishal Sharma
VOTER100021,Manoj Das
VOTER100022,Manoj Gupta
VOTER100023,Naveen Pillai
VOTER100024,Ajay Nair
VOTER100025,Harish Mehta
VOTER100026,Vishal Singh
VOTER100027,Suresh Pillai
VOTER100028,Anil Nair
VOTER100029,Vishal Kumar
VOTER100030,Anil Gupta
VOTER100031,Harish Mehta
VOTER100032,Deepak Pillai
VOTER100033,Harish Nair
VOTER100034,Vikram Sharma
VOTER100035,Prakash Sharma
VOTER100036,Vikram Verma
VOTER100037,Karthik Iyer
VOTER100038,Anil Nair
VOTER100039,Arun Iyer
VOTER100040,Arun Singh
VOTER100041,Harish Singh
VOTER100042,Deepak Pillai
VOTER100043,Vikram Singh
VOTER100044,Ramesh Iyer
VOTER100045,Deepak Verma
VOTER100046,Harish Kumar
VOTER100047,Vishal Kumar
VOTER100048,Karthik Das
VOTER100049,Suresh Verma
VOTER100050,Suresh Iyer
VOTER100051,Naveen Sharma
VOTER100052,Naveen Verma
VOTER100053,Ravi Nair
VOTER100054,Prakash Sharma
VOTER100055,Anil Mehta
VOTER100056,Karthik Iyer
VOTER100057,Suresh Reddy
VOTER100058,Naveen Patel
VOTER100059,Rahul Singh
VOTER100060,Anil Mehta
VOTER100061,Karthik Pillai
VOTER100062,Ravi Das
VOTER100063,Anil Gupta
VOTER100064,Prakash Gupta
VOTER100065,Ramesh Das
VOTER100066,Anil Gupta
VOTER100067,Deepak Verma
VOTER100068,Manoj Reddy
VOTER100069,Ajay Nair
VOTER100070,Rahul Kumar
VOTER100071,Ramesh Kumar
VOTER100072,Arun Mehta
VOTER100073,Naveen Verma
VOTER100074,Karthik Verma
VOTER100075,Karthik Das
VOTER100076,Rahul Verma
VOTER100077,Manoj Patel
VOTER100078,Karthik Reddy
VOTER100079,Suresh Patel
VOTER100080,Rahul Sharma
VOTER100081,Ajay Patel
VOTER100082,Ravi Patel
VOTER100083,Manoj Sharma
VOTER100084,Ajay Patel
VOTER100085,Anil Gupta
VOTER100086,Manoj Mehta
VOTER100087,Deepak Gupta
VOTER100088,Rahul Reddy
VOTER100089,Anil Reddy
VOTER100090,Ajay Patel
VOTER100091,Arun Gupta
VOTER100092,Ajay Kumar
VOTER100093,Ramesh Verma
VOTER100094,Vikram Singh
VOTER100095,Prakash Iyer
VOTER100096,Vishal Verma
VOTER100097,Vishal Nair
VOTER100098,Ajay Reddy
VOTER100099,Naveen Mehta
VOTER100100,Ramesh Nair
VOTER100101,Vikram Patel
VOTER100102,Naveen Pillai
VOTER100103,Arun Reddy
VOTER100104,Naveen Das
VOTER100105,Deepak Gupta
VOTER100106,Vishal Sharma
VOTER100107,Ravi Sharma
VOTER100108,Ravi Patel
VOTER100109,Ravi Gupta
VOTER100110,Karthik Kumar
VOTER100111,Prakash Verma
VOTER100112,Suresh Patel
VOTER100113,Manoj Verma
VOTER100114,Rahul Mehta
VOTER100115,Rahul Iyer
VOTER100116,Anil Singh
VOTER100117,Ravi Iyer
VOTER100118,Naveen Reddy
VOTER100119,Anil Patel
VOTER100120,Deepak Reddy
VOTER100121,Vishal Gupta
VOTER100122,Naveen Singh
VOTER100123,Karthik Pillai
VOTER100124,Manoj Gupta
VOTER100125,Arun Reddy
VOTER100126,Prakash Verma
VOTER100127,Ravi Patel
VOTER100128,Vikram Kumar
VOTER100129,Manoj Kumar
VOTER100130,Ramesh Mehta
VOTER100131,Vishal Sharma
VOTER100132,Suresh Das
VOTER100133,Manoj Sharma
VOTER100134,Arun Das
VOTER100135,Deepak Verma
VOTER100136,Harish Das
VOTER100137,Vishal Patel
VOTER100138,Anil Das
VOTER100139,Anil Singh
VOTER100140,Karthik Verma
VOTER100141,Karthik Das
VOTER100142,Arun Kumar
VOTER100143,Anil Patel
VOTER100144,Karthik Kumar
VOTER100145,Anil Gupta
VOTER100146,Prakash Kumar
VOTER100147,Vikram Sharma
VOTER100148,Naveen Singh
VOTER100149,Karthik Sharma
VOTER100150,Manoj Singh
VOTER100151,Harish Verma
VOTER100152,Naveen Sharma
VOTER100153,Harish Gupta
VOTER100154,Karthik Nair
VOTER100155,Rahul Patel
VOTER100156,Ramesh Das
VOTER100157,Suresh Singh
VOTER100158,Rahul Iyer
VOTER100159,Rahul Gupta
VOTER100160,Manoj Reddy
VOTER100161,Ramesh Iyer
VOTER100162,Ravi Pillai
VOTER100163,Naveen Iyer
VOTER100164,Ravi Gupta
VOTER100165,Prakash Iyer
VOTER100166,Harish Das
VOTER100167,Arun Verma
VOTER100168,Prakash Singh
VOTER100169,Manoj Iyer
VOTER100170,Naveen Gupta
VOTER100171,Deepak Sharma
VOTER100172,Karthik Sharma
VOTER100173,Vishal Verma
VOTER100174,Ravi Patel
VOTER100175,Manoj Kumar
VOTER100176,Naveen Verma
VOTER100177,Anil Sharma
VOTER100178,Arun Kumar
VOTER100179,Arun Pillai
VOTER100180,Karthik Das
VOTER100181,Vishal Singh
VOTER100182,Karthik Nair
VOTER100183,Ravi Mehta
VOTER100184,Vishal Reddy
VOTER100185,Harish Verma
VOTER100186,Arun Verma
VOTER100187,Vikram Nair
VOTER100188,Manoj Nair
VOTER100189,Ajay Pillai
VOTER100190,Rahul Singh
VOTER100191,Vikram Sharma
VOTER100192,Vishal Kumar
VOTER100193,Vishal Iyer
VOTER100194,Deepak Reddy
VOTER100195,Prakash Singh
VOTER100196,Ramesh Pillai
VOTER100197,Prakash Kumar
VOTER100198,Vishal Sharma
VOTER100199,Suresh Pillai
VOTER100200,Rahul Mehta
VOTER100201,Harish Gupta
VOTER100202,Prakash Das
VOTER100203,Suresh Kumar
VOTER100204,Naveen Gupta
VOTER100205,Ramesh Sharma
VOTER100206,Anil Iyer
VOTER100207,Ramesh Singh
VOTER100208,Rahul Das
VOTER100209,Anil Singh
VOTER100210,Ravi Verma
VOTER100211,Anil Verma
VOTER100212,Ajay Mehta
VOTER100213,Prakash Patel
VOTER100214,Prakash Gupta
VOTER100215,Ramesh Nair
VOTER100216,Anil Kumar
VOTER100217,Harish Gupta
VOTER100218,Manoj Reddy
VOTER100219,Vikram Mehta
VOTER100220,Arun Gupta
VOTER100221,Manoj Reddy
VOTER100222,Ramesh Gupta
VOTER100223,Prakash Pillai
VOTER100224,Manoj Pillai
VOTER100225,Ajay Pillai
VOTER100226,Suresh Das
VOTER100227,Arun Patel
VOTER100228,Anil Singh
VOTER100229,Ajay Iyer
VOTER100230,Deepak Mehta
VOTER100231,Deepak Reddy
VOTER100232,Vishal Patel
VOTER100233,Prakash Nair
VOTER100234,Deepak Patel
VOTER100235,Manoj Mehta
VOTER100236,Arun Das
VOTER100237,Vikram Singh
VOTER100238,Manoj Sharma
VOTER100239,Arun Pillai
VOTER100240,Harish Iyer
VOTER100241,Karthik Verma
VOTER100242,Arun Iyer
VOTER100243,Ravi Iyer
VOTER100244,Vikram Reddy
VOTER100245,Suresh Gupta
VOTER100246,Suresh Mehta
VOTER100247,Ramesh Iyer
VOTER100248,Vikram Verma
VOTER100249,Prakash Verma
VOTER100250,Rahul Iyer
VOTER100251,Ravi Singh
VOTER100252,Suresh Sharma
VOTER100253,Anil Iyer
VOTER100254,Ramesh Das
VOTER100255,Suresh Pillai
VOTER100256,Ravi Reddy
VOTER100257,Vishal Mehta
VOTER100258,Vikram Patel
VOTER100259,Anil Kumar
VOTER100260,Harish Iyer
VOTER100261,Ajay Reddy
VOTER100262,Ravi Sharma
VOTER100263,Harish Das
VOTER100264,Ravi Patel
VOTER100265,Harish Patel
VOTER100266,Vikram Nair
VOTER100267,Suresh Gupta
VOTER100268,Anil Reddy
VOTER100269,Ravi Verma
VOTER100270,Naveen Iyer
VOTER100271,Anil Iyer
VOTER100272,Karthik Nair
VOTER100273,Vishal Iyer
VOTER100274,Anil Kumar
VOTER100275,Ravi Singh
VOTER100276,Ramesh Pillai
VOTER100277,Prakash Verma
VOTER100278,Rahul Mehta
VOTER100279,Deepak Reddy
VOTER100280,Vikram Patel
VOTER100281,Naveen Pillai
VOTER100282,Ravi Das
VOTER100283,Rahul Singh
VOTER100284,Ravi Kumar
VOTER100285,Vikram Iyer
VOTER100286,Anil Reddy
VOTER100287,Ravi Pillai
VOTER100288,Harish Nair
VOTER100289,Arun Iyer
VOTER100290,Naveen Das
VOTER100291,Harish Verma
VOTER100292,Naveen Iyer
VOTER100293,Anil Patel
VOTER100294,Vikram Kumar
VOTER100295,Anil Patel
VOTER100296,Vishal Das
VOTER100297,Ajay Verma
VOTER100298,Prakash Patel
VOTER100299,Rahul Gupta
VOTER100300,Naveen Singh
VOTER100301,Vikram Patel
VOTER100302,Ravi Kumar
VOTER100303,Naveen Gupta
VOTER100304,Karthik Kumar
VOTER100305,Manoj Das
VOTER100306,Karthik Reddy
VOTER100307,Harish Mehta
VOTER100308,Vikram Gupta
VOTER100309,Deepak Reddy
VOTER100310,Suresh Iyer
VOTER100311,Karthik Sharma
VOTER100312,Vishal Sharma
VOTER100313,Ajay Nair
VOTER100314,Ajay Kumar
VOTER100315,Arun Reddy
VOTER100316,Naveen Gupta
VOTER100317,Ajay Sharma
VOTER100318,Manoj Nair
VOTER100319,Karthik Sharma
VOTER100320,Arun Iyer
VOTER100321,Vishal Kumar
VOTER100322,Arun Nair
VOTER100323,Ajay Sharma
VOTER100324,Vishal Sharma
VOTER100325,Karthik Patel
VOTER100326,Arun Das
VOTER100327,Rahul Das
VOTER100328,Anil Sharma
VOTER100329,Ajay Singh
VOTER100330,Ajay Verma
VOTER100331,Harish Verma
VOTER100332,Vishal Das
VOTER100333,Rahul Gupta
VOTER100334,Ajay Iyer
VOTER100335,Prakash Patel
VOTER100336,Manoj Pillai
VOTER100337,Suresh Pillai
VOTER100338,Harish Nair
VOTER100339,Vikram Patel
VOTER100340,Suresh Das
VOTER100341,Manoj Kumar
VOTER100342,Rahul Verma
VOTER100343,Harish Pillai
VOTER100344,Naveen Pillai
VOTER100345,Anil Reddy
VOTER100346,Rahul Sharma
VOTER100347,Suresh Reddy
VOTER100348,Ajay Sharma
VOTER100349,Arun Verma
VOTER100350,Ravi Nair
VOTER100351,Vishal Das
VOTER100352,Suresh Pillai
VOTER100353,Manoj Mehta
VOTER100354,Vikram Kumar
VOTER100355,Naveen Mehta
VOTER100356,Suresh Mehta
VOTER100357,Ajay Singh
VOTER100358,Prakash Nair
VOTER100359,Manoj Verma
VOTER100360,Naveen Gupta
VOTER100361,Deepak Sharma
VOTER100362,Harish Iyer
VOTER100363,Vishal Pillai
VOTER100364,Naveen Singh
VOTER100365,Vikram Nair
VOTER100366,Rahul Iyer
VOTER100367,Ajay Reddy
VOTER100368,Deepak Iyer
VOTER100369,Ravi Iyer
VOTER100370,Harish Kumar
VOTER100371,Ajay Kumar
VOTER100372,Prakash Sharma
VOTER100373,Ajay Pillai
VOTER100374,Manoj Reddy
VOTER100375,Ravi Sharma
VOTER100376,Rahul Reddy
VOTER100377,Vikram Reddy
VOTER100378,Arun Kumar
VOTER100379,Ajay Iyer
VOTER100380,Karthik Singh
VOTER100381,Vishal Verma
VOTER100382,Vishal Gupta
VOTER100383,Vishal Gupta
VOTER100384,Arun Das
VOTER100385,Anil Singh
VOTER100386,Karthik Reddy
VOTER100387,Suresh Singh
VOTER100388,Ajay Das
VOTER100389,Manoj Singh
VOTER100390,Naveen Singh
VOTER100391,Prakash Verma
VOTER100392,Ravi Reddy
VOTER100393,Deepak Iyer
VOTER100394,Manoj Reddy
VOTER100395,Naveen Gupta
VOTER100396,Manoj Gupta
VOTER100397,Vikram Mehta
VOTER100398,Prakash Gupta
VOTER100399,Deepak Iyer
VOTER100400,Karthik Kumar
VOTER100401,Rahul Mehta
VOTER100402,Naveen Nair
VOTER100403,Manoj Nair
VOTER100404,Anil Kumar
VOTER100405,Anil Sharma
VOTER100406,Suresh Gupta
VOTER100407,Anil Patel
VOTER100408,Manoj Das
VOTER100409,Harish Iyer
VOTER100410,Ramesh Mehta
VOTER100411,Karthik Das
VOTER100412,Suresh Singh
VOTER100413,Suresh Sharma
VOTER100414,Karthik Kumar
VOTER100415,Suresh Das
VOTER100416,Suresh Singh
VOTER100417,Rahul Kumar
VOTER100418,Arun Patel
VOTER100419,Ravi Reddy
VOTER100420,Anil Patel
VOTER100421,Harish Nair
VOTER100422,Prakash Gupta
VOTER100423,Ajay Das
VOTER100424,Arun Mehta
VOTER100425,Ramesh Gupta
VOTER100426,Ravi Patel
VOTER100427,Ajay Iyer
VOTER100428,Ajay Das
VOTER100429,Vishal Mehta
VOTER100430,Vikram Mehta
VOTER100431,Karthik Sharma
VOTER100432,Manoj Iyer
VOTER100433,Vishal Patel
VOTER100434,Ajay Mehta
VOTER100435,Deepak Singh
VOTER100436,Ajay Verma
VOTER100437,Vishal Nair
VOTER100438,Vishal Nair
VOTER100439,Naveen Singh
VOTER100440,Vishal Mehta
VOTER100441,Ramesh Das
VOTER100442,Anil Reddy
VOTER100443,Karthik Das
VOTER100444,Deepak Verma
VOTER100445,Ramesh Pillai
VOTER100446,Ramesh Kumar
VOTER100447,Vikram Verma
VOTER100448,Ramesh Mehta
VOTER100449,Harish Reddy
VOTER100450,Harish Patel
VOTER100451,Manoj Patel
VOTER100452,Ravi Sharma
VOTER100453,Naveen Das
VOTER100454,Suresh Reddy
VOTER100455,Anil Reddy
VOTER100456,Vishal Pillai
VOTER100457,Vikram Kumar
VOTER100458,Vikram Singh
VOTER100459,Prakash Verma
VOTER100460,Vishal Gupta
VOTER100461,Ramesh Kumar
VOTER100462,Vikram Reddy
VOTER100463,Harish Kumar
VOTER100464,Ravi Nair
VOTER100465,Vikram Sharma
VOTER100466,Anil Gupta
VOTER100467,Arun Das
VOTER100468,Vishal Reddy
VOTER100469,Suresh Singh
VOTER100470,Harish Nair
VOTER100471,Arun Sharma
VOTER100472,Naveen Iyer
VOTER100473,Harish Sharma
VOTER100474,Ramesh Verma
VOTER100475,Prakash Kumar
VOTER100476,Arun Das
VOTER100477,Prakash Reddy
VOTER100478,Harish Nair
VOTER100479,Arun Mehta
VOTER100480,Vishal Verma
VOTER100481,Karthik Mehta
VOTER100482,Rahul Verma
VOTER100483,Ravi Kumar
VOTER100484,Suresh Reddy
VOTER100485,Naveen Reddy
VOTER100486,Vikram Singh
VOTER100487,Manoj Sharma
VOTER100488,Prakash Kumar
VOTER100489,Arun Nair
VOTER100490,Manoj Nair
VOTER100491,Deepak Gupta
VOTER100492,Ramesh Mehta
VOTER100493,Naveen Verma
VOTER100494,Manoj Verma
VOTER100495,Ravi Sharma
VOTER100496,Karthik Nair
VOTER100497,Manoj Iyer
VOTER100498,Naveen Mehta
VOTER100499,Harish Iyer
VOTER100500,Manoj Das
VOTER100501,Naveen Kumar
VOTER100502,Vishal Reddy
VOTER100503,Naveen Mehta
VOTER100504,Harish Verma
VOTER100505,Vishal Gupta
VOTER100506,Manoj Mehta
VOTER100507,Anil Pillai
VOTER100508,Suresh Mehta
VOTER100509,Ramesh Reddy
VOTER100510,Deepak Gupta
VOTER100511,Rahul Das
VOTER100512,Ajay Gupta
VOTER100513,Ravi Pillai
VOTER100514,Arun Iyer
VOTER100515,Manoj Das
VOTER100516,Deepak Kumar
VOTER100517,Ajay Reddy
VOTER100518,Manoj Gupta
VOTER100519,Ramesh Verma
VOTER100520,Anil Sharma
VOTER100521,Anil Iyer
VOTER100522,Harish Patel
VOTER100523,Ravi Kumar
VOTER100524,Suresh Das
VOTER100525,Vikram Das
VOTER100526,Anil Mehta
VOTER100527,Rahul Iyer
VOTER100528,Ajay Iyer
VOTER100529,Deepak Iyer
VOTER100530,Ramesh Gupta
VOTER100531,Ravi Sharma
VOTER100532,Suresh Das
VOTER100533,Ravi Iyer
VOTER100534,Deepak Nair
VOTER100535,Harish Sharma
VOTER100536,Vikram Das
VOTER100537,Ajay Das
VOTER100538,Rahul Gupta
VOTER100539,Naveen Patel
VOTER100540,Vikram Mehta
VOTER100541,Ravi Nair
VOTER100542,Anil Reddy
VOTER100543,Vishal Kumar
VOTER100544,Karthik Pillai
VOTER100545,Deepak Das
VOTER100546,Ajay Reddy
VOTER100547,Suresh Kumar
VOTER100548,Ramesh Iyer
VOTER100549,Anil Verma
VOTER100550,Prakash Patel
VOTER100551,Deepak Kumar
VOTER100552,Ravi Iyer
VOTER100553,Arun Reddy
VOTER100554,Rahul Nair
VOTER100555,Deepak Iyer
VOTER100556,Prakash Singh
VOTER100557,Suresh Patel
VOTER100558,Deepak Verma
VOTER100559,Vishal Nair
VOTER100560,Harish Gupta
VOTER100561,Manoj Pillai
VOTER100562,Karthik Verma
VOTER100563,Ravi Das
VOTER100564,Vishal Patel
VOTER100565,Deepak Iyer
VOTER100566,Manoj Nair
VOTER100567,Ravi Nair
VOTER100568,Suresh Gupta
VOTER100569,Ramesh Kumar
VOTER100570,Ajay Nair
VOTER100571,Deepak Pillai
VOTER100572,Vishal Iyer
VOTER100573,Harish Sharma
VOTER100574,Suresh Kumar
VOTER100575,Deepak Mehta
VOTER100576,Karthik Gupta
VOTER100577,Arun Iyer
VOTER100578,Arun Verma
VOTER100579,Anil Gupta
VOTER100580,Prakash Mehta
VOTER100581,Suresh Singh
VOTER100582,Deepak Patel
VOTER100583,Harish Pillai
VOTER100584,Arun Verma
VOTER100585,Prakash Kumar
VOTER100586,Deepak Iyer
VOTER100587,Harish Gupta
VOTER100588,Ramesh Patel
VOTER100589,Manoj Das
VOTER100590,Vikram Verma
VOTER100591,Vikram Pillai
VOTER100592,Harish Nair
VOTER100593,Harish Singh
VOTER100594,Ravi Kumar
VOTER100595,Harish Das
VOTER100596,Suresh Reddy
VOTER100597,Naveen Singh
VOTER100598,Manoj Pillai
VOTER100599,Anil Verma
VOTER100600,Harish Reddy
VOTER100601,Ramesh Iyer
VOTER100602,Naveen Pillai
VOTER100603,Karthik Verma
VOTER100604,Manoj Singh
VOTER100605,Anil Mehta
VOTER100606,Prakash Nair
VOTER100607,Rahul Das
VOTER100608,Rahul Kumar
VOTER100609,Rahul Nair
VOTER100610,Anil Mehta
VOTER100611,Vishal Kumar
VOTER100612,Anil Reddy
VOTER100613,Manoj Pillai
VOTER100614,Deepak Das
VOTER100615,Harish Sharma
VOTER100616,Arun Sharma
VOTER100617,Harish Nair
VOTER100618,Ajay Das
VOTER100619,Deepak Nair
VOTER100620,Ravi Sharma
VOTER100621,Ravi Mehta
VOTER100622,Anil Patel
VOTER100623,Vishal Reddy
VOTER100624,Manoj Kumar
VOTER100625,Arun Nair
VOTER100626,Manoj Das
VOTER100627,Manoj Sharma
VOTER100628,Anil Sharma
VOTER100629,Anil Reddy
VOTER100630,Ravi Kumar
VOTER100631,Ravi Nair
VOTER100632,Deepak Verma
VOTER100633,Suresh Mehta
VOTER100634,Ravi Pillai
VOTER100635,Ravi Patel
VOTER100636,Prakash Iyer
VOTER100637,Karthik Kumar
VOTER100638,Karthik Mehta
VOTER100639,Vishal Singh
VOTER100640,Anil Gupta
VOTER100641,Arun Iyer
VOTER100642,Deepak Kumar
VOTER100643,Vikram Reddy
VOTER100644,Ajay Iyer
VOTER100645,Deepak Das
VOTER100646,Arun Pillai
VOTER100647,Harish Reddy
VOTER100648,Ajay Reddy
VOTER100649,Deepak Mehta
VOTER100650,Naveen Patel
VOTER100651,Vikram Iyer
VOTER100652,Arun Gupta
VOTER100653,Rahul Pillai
VOTER100654,Prakash Singh
VOTER100655,Suresh Sharma
VOTER100656,Ravi Mehta
VOTER100657,Vikram Reddy
VOTER100658,Ravi Kumar
VOTER100659,Deepak Verma
VOTER100660,Ramesh Patel
VOTER100661,Prakash Reddy
VOTER100662,Rahul Sharma
VOTER100663,Anil Verma
VOTER100664,Suresh Verma
VOTER100665,Manoj Pillai
VOTER100666,Ravi Kumar
VOTER100667,Ajay Nair
VOTER100668,Vikram Iyer
VOTER100669,Naveen Iyer
VOTER100670,Ramesh Nair
VOTER100671,Anil Pillai
VOTER100672,Manoj Sharma
VOTER100673,Suresh Das
VOTER100674,Manoj Das
VOTER100675,Vikram Nair
VOTER100676,Naveen Singh
VOTER100677,Karthik Sharma
VOTER100678,Deepak Reddy
VOTER100679,Prakash Pillai
VOTER100680,Naveen Nair
VOTER100681,Ravi Verma
VOTER100682,Ajay Verma
VOTER100683,Deepak Kumar
VOTER100684,Manoj Reddy
VOTER100685,Manoj Gupta
VOTER100686,Karthik Sharma
VOTER100687,Deepak Nair
VOTER100688,Harish Gupta
VOTER100689,Ravi Das
VOTER100690,Deepak Iyer
VOTER100691,Vikram Kumar
VOTER100692,Harish Gupta
VOTER100693,Vikram Patel
VOTER100694,Anil Singh
VOTER100695,Anil Kumar
VOTER100696,Suresh Singh
VOTER100697,Ramesh Patel
VOTER100698,Deepak Iyer
VOTER100699,Karthik Patel
VOTER100700,Suresh Singh
VOTER100701,Vikram Iyer
VOTER100702,Suresh Sharma
VOTER100703,Prakash Mehta
VOTER100704,Deepak Pillai
VOTER100705,Karthik Pillai
VOTER100706,Manoj Reddy
VOTER100707,Manoj Das
VOTER100708,Ajay Nair
VOTER100709,Deepak Gupta
VOTER100710,Manoj Nair
VOTER100711,Harish Reddy
VOTER100712,Manoj Mehta
VOTER100713,Karthik Reddy
VOTER100714,Naveen Reddy
VOTER100715,Ajay Iyer
VOTER100716,Prakash Patel
VOTER100717,Manoj Gupta
VOTER100718,Rahul Reddy
VOTER100719,Anil Gupta
VOTER100720,Prakash Patel
VOTER100721,Suresh Das
VOTER100722,Arun Mehta
VOTER100723,Rahul Iyer
VOTER100724,Ramesh Pillai
VOTER100725,Naveen Iyer
VOTER100726,Anil Pillai
VOTER100727,Manoj Sharma
VOTER100728,Anil Patel
VOTER100729,Harish Pillai
VOTER100730,Ravi Patel
VOTER100731,Vishal Singh
VOTER100732,Harish Verma
VOTER100733,Vishal Gupta
VOTER100734,Vishal Gupta
VOTER100735,Naveen Nair
VOTER100736,Rahul Pillai
VOTER100737,Harish Pillai
VOTER100738,Prakash Singh
VOTER100739,Suresh Reddy
VOTER100740,Suresh Sharma
VOTER100741,Ravi Sharma
VOTER100742,Manoj Patel
VOTER100743,Ajay Iyer
VOTER100744,Rahul Singh
VOTER100745,Vishal Gupta
VOTER100746,Prakash Das
VOTER100747,Ajay Nair
VOTER100748,Manoj Reddy
VOTER100749,Anil Patel
VOTER100750,Vishal Verma
VOTER100751,Naveen Pillai
VOTER100752,Ajay Iyer
VOTER100753,Vikram Sharma
VOTER100754,Harish Verma
VOTER100755,Naveen Pillai
VOTER100756,Prakash Verma
VOTER100757,Suresh Das
VOTER100758,Harish Patel
VOTER100759,Naveen Iyer
VOTER100760,Anil Reddy
VOTER100761,Suresh Gupta
VOTER100762,Deepak Nair
VOTER100763,Vishal Singh
VOTER100764,Vikram Patel
VOTER100765,Ravi Iyer
VOTER100766,Naveen Das
VOTER100767,Deepak Patel
VOTER100768,Manoj Gupta
VOTER100769,Ajay Verma
VOTER100770,Karthik Iyer
VOTER100771,Arun Mehta
VOTER100772,Anil Patel
VOTER100773,Suresh Iyer
VOTER100774,Vishal Pillai
VOTER100775,Harish Gupta
VOTER100776,Naveen Mehta
VOTER100777,Rahul Gupta
VOTER100778,Ravi Das
VOTER100779,Ramesh Reddy
VOTER100780,Suresh Nair
VOTER100781,Ramesh Verma
VOTER100782,Rahul Iyer
VOTER100783,Karthik Iyer
VOTER100784,Harish Reddy
VOTER100785,Vikram Kumar
VOTER100786,Ajay Gupta
VOTER100787,Anil Iyer
VOTER100788,Manoj Das
VOTER100789,Vikram Verma
VOTER100790,Ajay Kumar
VOTER100791,Suresh Nair
VOTER100792,Ajay Pillai
VOTER100793,Rahul Verma
VOTER100794,Harish Reddy
VOTER100795,Deepak Gupta
VOTER100796,Vishal Patel
VOTER100797,Karthik Nair
VOTER100798,Karthik Nair
VOTER100799,Ajay Gupta
VOTER100800,Ajay Reddy
VOTER100801,Ajay Iyer
VOTER100802,Manoj Verma
VOTER100803,Deepak Das
VOTER100804,Ajay Nair
VOTER100805,Vishal Iyer
VOTER100806,Karthik Singh
VOTER100807,Ravi Verma
VOTER100808,Rahul Kumar
VOTER100809,Vikram Iyer
VOTER100810,Suresh Reddy
VOTER100811,Prakash Singh
VOTER100812,Ramesh Iyer
VOTER100813,Prakash Singh
VOTER100814,Naveen Singh
VOTER100815,Ravi Kumar
VOTER100816,Rahul Singh
VOTER100817,Deepak Kumar
VOTER100818,Suresh Nair
VOTER100819,Ramesh Reddy
VOTER100820,Arun Iyer
VOTER100821,Ajay Iyer
VOTER100822,Prakash Iyer
VOTER100823,Karthik Reddy
VOTER100824,Suresh Pillai
VOTER100825,Prakash Das
VOTER100826,Vikram Gupta
VOTER100827,Naveen Kumar
VOTER100828,Vikram Nair
VOTER100829,Ramesh Verma
VOTER100830,Ramesh Nair
VOTER100831,Harish Gupta
VOTER100832,Harish Singh
VOTER100833,Harish Nair
VOTER100834,Ramesh Sharma
VOTER100835,Karthik Iyer
VOTER100836,Deepak Patel
VOTER100837,Vishal Singh
VOTER100838,Arun Verma
VOTER100839,Prakash Reddy
VOTER100840,Deepak Sharma
VOTER100841,Naveen Das
VOTER100842,Manoj Verma
VOTER100843,Ajay Sharma
VOTER100844,Anil Gupta
VOTER100845,Naveen Mehta
VOTER100846,Prakash Mehta
VOTER100847,Vikram Das
VOTER100848,Arun Das
VOTER100849,Naveen Iyer
VOTER100850,Suresh Verma
VOTER100851,Vikram Sharma
VOTER100852,Ravi Kumar
VOTER100853,Anil Pillai
VOTER100854,Ramesh Nair
VOTER100855,Prakash Das
VOTER100856,Manoj Singh
VOTER100857,Rahul Patel
VOTER100858,Manoj Pillai
VOTER100859,Ravi Das
VOTER100860,Vishal Iyer
VOTER100861,Suresh Das
VOTER100862,Manoj Pillai
VOTER100863,Karthik Verma
VOTER100864,Vishal Nair
VOTER100865,Rahul Mehta
VOTER100866,Ajay Reddy
VOTER100867,Vikram Singh
VOTER100868,Naveen Kumar
VOTER100869,Manoj Pillai
VOTER100870,Ramesh Mehta
VOTER100871,Suresh Nair
VOTER100872,Karthik Pillai
VOTER100873,Deepak Gupta
VOTER100874,Prakash Sharma
VOTER100875,Arun Iyer
VOTER100876,Deepak Mehta
VOTER100877,Naveen Sharma
VOTER100878,Anil Gupta
VOTER100879,Anil Reddy
VOTER100880,Karthik Das
VOTER100881,Manoj Singh
VOTER100882,Vishal Singh
VOTER100883,Karthik Kumar
VOTER100884,Ravi Nair
VOTER100885,Suresh Singh
VOTER100886,Anil Kumar
VOTER100887,Ramesh Nair
VOTER100888,Deepak Singh
VOTER100889,Rahul Kumar
VOTER100890,Naveen Singh
VOTER100891,Manoj Das
VOTER100892,Vishal Mehta
VOTER100893,Rahul Kumar
VOTER100894,Arun Das
VOTER100895,Manoj Verma
VOTER100896,Ramesh Das
VOTER100897,Ravi Gupta
VOTER100898,Suresh Das
VOTER100899,Manoj Pillai
VOTER100900,Ajay Mehta
VOTER100901,Arun Gupta
VOTER100902,Vikram Singh
VOTER100903,Harish Reddy
VOTER100904,Prakash Das
VOTER100905,Ravi Verma
VOTER100906,Manoj Reddy
VOTER100907,Naveen Das
VOTER100908,Deepak Gupta
VOTER100909,Naveen Verma
VOTER100910,Anil Gupta
VOTER100911,Anil Sharma
VOTER100912,Karthik Gupta
VOTER100913,Ravi Kumar
VOTER100914,Anil Pillai
VOTER100915,Deepak Patel
VOTER100916,Manoj Mehta
VOTER100917,Harish Mehta
VOTER100918,Suresh Verma
VOTER100919,Suresh Verma
VOTER100920,Prakash Sharma
VOTER100921,Anil Sharma
VOTER100922,Anil Nair
VOTER100923,Vikram Mehta
VOTER100924,Naveen Sharma
VOTER100925,Harish Pillai
VOTER100926,Ajay Nair
VOTER100927,Ajay Reddy
VOTER100928,Vishal Sharma
VOTER100929,Naveen Sharma
VOTER100930,Harish Singh
VOTER100931,Ajay Singh
VOTER100932,Anil Sharma
VOTER100933,Vikram Mehta
VOTER100934,Deepak Sharma
VOTER100935,Rahul Mehta
VOTER100936,Naveen Das
VOTER100937,Naveen Das
VOTER100938,Harish Sharma
VOTER100939,Harish Nair
VOTER100940,Arun Gupta
VOTER100941,Rahul Kumar
VOTER100942,Arun Verma
VOTER100943,Vishal Kumar
VOTER100944,Arun Mehta
VOTER100945,Ajay Gupta
VOTER100946,Ravi Mehta
VOTER100947,Prakash Nair
VOTER100948,Arun Nair
VOTER100949,Ravi Nair
VOTER100950,Harish Nair
VOTER100951,Vishal Iyer
VOTER100952,Harish Reddy
VOTER100953,Rahul Reddy
VOTER100954,Harish Singh
VOTER100955,Manoj Singh
VOTER100956,Harish Pillai
VOTER100957,Prakash Iyer
VOTER100958,Harish Reddy
VOTER100959,Ramesh Reddy
VOTER100960,Arun Reddy
VOTER100961,Deepak Reddy
VOTER100962,Vikram Patel
VOTER100963,Suresh Verma
VOTER100964,Deepak Sharma
VOTER100965,Arun Patel
VOTER100966,Naveen Nair
VOTER100967,Ravi Pillai
VOTER100968,Prakash Gupta
VOTER100969,Ravi Patel
VOTER100970,Suresh Verma
VOTER100971,Harish Reddy
VOTER100972,Ramesh Reddy
VOTER100973,Suresh Reddy
VOTER100974,Ravi Patel
VOTER100975,Vishal Verma
VOTER100976,Anil Reddy
VOTER100977,Suresh Singh
VOTER100978,Ajay Nair
VOTER100979,Rahul Pillai
VOTER100980,Ajay Pillai
VOTER100981,Arun Sharma
VOTER100982,Arun Gupta
VOTER100983,Manoj Mehta
VOTER100984,Manoj Pillai
VOTER100985,Prakash Patel
VOTER100986,Vikram Singh
VOTER100987,Naveen Mehta
VOTER100988,Harish Verma
VOTER100989,Anil Kumar
VOTER100990,Vikram Mehta
VOTER100991,Vikram Kumar
VOTER100992,Arun Singh
VOTER100993,Suresh Patel
VOTER100994,Ravi Singh
VOTER100995,Harish Iyer
VOTER100996,Naveen Nair
VOTER100997,Rahul Patel
VOTER100998,Anil Pillai
VOTER100999,Ramesh Singh
